Day,Hour,Activity,Timespent,Month
5,18,Blank Web Browser,4,11
5,18,Google Chrome,8,11
5,18,RescueTime,70,11
5,18,Windows Explorer,41,11
5,18,aetna.com,10,11
5,18,c:,6,11
5,18,demo.cozycloud.cc,5,11
5,18,exist.io,73,11
5,18,facebook.com,33,11
5,18,fluxtream.org,94,11
5,18,frankrousseau.github.io,37,11
5,18,github.com,130,11
5,18,google.com,32,11
5,18,humanapi.co,15,11
5,18,joymetrics.com,4,11
5,18,lifestreamblog.com,172,11
5,18,loggr.me,6,11
5,18,projects.invisionapp.com,1,11
5,18,remouse,3,11
5,18,rescuetime.com,364,11
5,18,searchui,4,11
5,18,system idle process,3,11
5,18,whatpulse.org,172,11
5,18,whatpulse,322,11
9,18,Gmail,10,11
9,18,Google Chrome,17,11
9,18,MS Paint,82,11
9,18,RescueTime,23,11
9,18,Windows Explorer,22,11
9,18,github.com,1,11
9,18,google.com,129,11
9,18,projects.invisionapp.com,273,11
9,18,rescuetime.com,203,11
9,19,Gmail,10,11
9,19,Google Chrome,11,11
9,19,MS Paint,518,11
9,19,Windows Explorer,64,11
9,19,app.prntscr.com,40,11
9,19,github.com,94,11
9,19,google.com,18,11
9,19,lightshot,164,11
9,19,projects.invisionapp.com,1844,11
9,19,rescuetime.com,6,11
9,19,searchui,13,11
9,19,setup-lightshot.tmp,25,11
9,19,snippingtool,5,11
9,19,system idle process,1,11
9,19,youtube.com,759,11
9,20,Blank Web Browser,3,11
9,20,Gmail,55,11
9,20,Google Chrome,26,11
9,20,Google Documents - Google Apps,1,11
9,20,Google Documents,35,11
9,20,Google Drive - Google Apps,1,11
9,20,MS Word,68,11
9,20,Windows Explorer,25,11
9,20,drive.google.com,73,11
9,20,gorillavid.in,1,11
9,20,invis.io,4,11
9,20,projects.invisionapp.com,547,11
9,20,thewatchseries.to,3,11
9,20,youtube.com,1,11
9,22,Gmail,129,11
9,22,Google Chrome,31,11
9,22,Google Documents,18,11
9,22,Windows Explorer,26,11
9,22,c:,9,11
9,22,drive.google.com,39,11
9,22,gorillavid.in,300,11
9,22,lockapphost,3,11
9,22,projects.invisionapp.com,87,11
9,22,system idle process,10,11
9,22,thewatchseries.to,256,11
9,22,watchtvseries.se,11,11
9,22,watchtvseries.to,12,11
9,23,Gmail,7,11
9,23,Google Documents,10,11
9,23,gorillavid.in,383,11
9,23,newclasses.nyu.edu,78,11
9,23,shibboleth.nyu.edu,6,11
10,0,gorillavid.in,606,11
10,0,thewatchseries.to,20,11
10,1,gorillavid.in,227,11
10,1,netflix.com,5,11
10,1,thewatchseries.to,25,11
10,13,Google Chrome,54,11
10,13,google.com,12,11
10,13,gorillavid.in,96,11
10,13,imdb.com,52,11
10,13,lockapphost,3,11
10,13,netflix.com,271,11
10,13,thewatchseries.to,74,11
10,13,watchtvseries.se,4,11
10,14,google.com,2,11
10,14,gorillavid.in,1557,11
10,14,imdb.com,234,11
10,14,thewatchseries.to,2,11
10,15,Windows Explorer,38,11
10,15,gorillavid.in,2714,11
10,15,thewatchseries.to,121,11
10,15,vodlocker.com,591,11
10,16,gorillavid.in,3599,11
10,17,eclipse,64,11
10,17,gorillavid.in,3536,11
10,18,Desktop Window Manager,4,11
10,18,Google Chrome,18,11
10,18,Windows Explorer,6,11
10,18,eclipse,1217,11
10,18,geeksforgeeks.org,792,11
10,18,geeksquiz.com,175,11
10,18,google.com,66,11
10,18,gorillavid.in,87,11
10,18,java-tips.org,37,11
10,18,javacoffeebreak.com,14,11
10,18,newclasses.nyu.edu,42,11
10,18,qa.geeksforgeeks.org,10,11
10,18,stackoverflow.com,109,11
10,18,system idle process,3,11
10,18,thewatchseries.to,12,11
10,18,web.cs.sunyit.edu,1,11
10,19,Gmail,172,11
10,19,Google Chrome,106,11
10,19,appleinsider.com,19,11
10,19,codeproject.com,357,11
10,19,eclipse,155,11
10,19,email.nyu.edu,1,11
10,19,geeksforgeeks.org,2,11
10,19,geeksquiz.com,199,11
10,19,google.com,311,11
10,19,katrinaaeg.com,8,11
10,19,microsoftedge,6,11
10,19,reddit.com,30,11
10,19,stackoverflow.com,2,11
10,19,support.google.com,8,11
10,19,system idle process,7,11
10,19,theprojectspot.com,473,11
10,19,web.cs.sunyit.edu,487,11
10,19,youtube.com,25,11
10,20,7-Zip,6,11
10,20,Google Chrome,18,11
10,20,Windows Explorer,41,11
10,20,citeseerx.ist.psu.edu,114,11
10,20,codecapsule.com,59,11
10,20,codeproject.com,15,11
10,20,eclipse,1038,11
10,20,en.wikipedia.org,30,11
10,20,geeksforgeeks.org,5,11
10,20,geeksquiz.com,3,11
10,20,github.com,86,11
10,20,google.com,233,11
10,20,iwr.uni-heidelberg.de,5,11
10,20,mathworks.com,30,11
10,20,mnemstudio.org,86,11
10,20,psychicorigami.com,28,11
10,20,stackoverflow.com,23,11
10,20,staff.science.uu.nl,30,11
10,20,theprojectspot.com,242,11
10,20,web.cs.sunyit.edu,154,11
10,20,youtube.com,1343,11
10,21,Google Chrome,10,11
10,21,amazon.com,321,11
10,21,btluke.com,60,11
10,21,eclipse,260,11
10,21,euler.mcs.utulsa.edu,28,11
10,21,github.com,3,11
10,21,google.com,73,11
10,21,gretipsforyou.blogspot.in,9,11
10,21,homepage.cs.uiowa.edu,84,11
10,21,katrinaaeg.com,19,11
10,21,katrinaeg.com,23,11
10,21,read.pudn.com,146,11
10,21,researchgate.net,9,11
10,21,theprojectspot.com,3,11
10,21,toddwschneider.com,20,11
10,21,web.cs.sunyit.edu,29,11
10,21,youtube.com,3,11
10,22,Gmail,276,11
10,22,Google Chrome,67,11
10,22,MS Word,182,11
10,22,NotePad,149,11
10,22,Windows Explorer,83,11
10,22,aiinfinance.com,65,11
10,22,amazon.com,1,11
10,22,books.google.com,94,11
10,22,c:,129,11
10,22,cs.stackexchange.com,92,11
10,22,downloads,26,11
10,22,eclipse,288,11
10,22,facebook.com,53,11
10,22,geeksquiz.com,4,11
10,22,google.com,186,11
10,22,gorillavid.in,1,11
10,22,homes.ieu.edu.tr,141,11
10,22,katrinaeg.com,190,11
10,22,mangapanda.com,3,11
10,22,mit.edu,93,11
10,22,mnemstudio.org,10,11
10,22,openwith,3,11
10,22,physics.mcgill.ca,24,11
10,22,repository.upenn.edu,39,11
10,22,researchgate.net,38,11
10,22,sciencedirect.com,24,11
10,22,system idle process,1,11
10,22,theprojectspot.com,163,11
10,22,verycomputer.com,47,11
10,22,web.cs.sunyit.edu,85,11
10,23,Blank Web Browser,2,11
10,23,Desktop Window Manager,18,11
10,23,Gmail,32,11
10,23,Google Chrome,143,11
10,23,MS Word,2,11
10,23,Windows Explorer,6,11
10,23,eclipse,57,11
10,23,email.nyu.edu,2,11
10,23,geeksquiz.com,3,11
10,23,google.com,234,11
10,23,gorillavid.in,1135,11
10,23,lightshot,3,11
10,23,sciencedirect.com,2,11
10,23,system idle process,2,11
10,23,theprojectspot.com,1,11
10,23,thewatchseries.to,191,11
10,23,web.cs.sunyit.edu,3,11
11,0,gorillavid.in,331,11
11,0,thewatchseries.to,107,11
11,1,Google Chrome,19,11
11,1,Windows Explorer,6,11
11,1,eclipse,6,11
11,1,geeksquiz.com,6,11
11,1,google.com,4,11
11,1,nyu.edu,38,11
11,1,regulations.gov,1,11
11,1,system idle process,5,11
11,1,thewatchseries.to,44,11
11,12,Gmail,62,11
11,12,Google Chrome,29,11
11,12,desiopt.com,19,11
11,12,doodle.com,309,11
11,12,facebook.com,512,11
11,12,geeksquiz.com,4,11
11,12,j.mp,1,11
11,12,regulations.gov,653,11
11,12,seamless.com,1,11
11,13,Blank Web Browser,5,11
11,13,Gmail,122,11
11,13,Google Chrome,9,11
11,13,Windows Explorer,5,11
11,13,desiopt.com,15,11
11,13,eclipse,359,11
11,13,facebook.com,137,11
11,13,geeksquiz.com,355,11
11,13,j.mp,3,11
11,13,mangapanda.com,46,11
11,13,regulations.gov,112,11
11,13,seamless.com,1432,11
11,14,Google Chrome,20,11
11,14,eclipse,2018,11
11,14,geeksquiz.com,353,11
11,14,google.com,23,11
11,14,gorillavid.in,604,11
11,14,stackoverflow.com,106,11
11,14,thewatchseries.to,38,11
11,15,gorillavid.in,1964,11
11,15,vodlocker.com,36,11
11,16,gorillavid.in,319,11
11,16,thewatchseries.to,29,11
11,16,vodlocker.com,308,11
11,17,gorillavid.in,700,11
11,18,gorillavid.in,1153,11
11,23,gorillavid.in,1196,11
12,0,gorillavid.in,48,11
12,1,gorillavid.in,2811,11
12,2,gorillavid.in,3600,11
12,3,gorillavid.in,3600,11
12,4,gorillavid.in,3600,11
12,5,gorillavid.in,3247,11
12,6,gorillavid.in,3153,11
12,7,Gmail,5,11
12,7,Google Chrome,24,11
12,7,Windows Explorer,12,11
12,7,bodyodd.nbcnews.com,13,11
12,7,buffalo.edu,76,11
12,7,google.com,53,11
12,7,gorillavid.in,1148,11
12,7,michaeldpollock.com,201,11
12,7,spring.org.uk,65,11
12,7,thewatchseries.to,35,11
12,7,wsj.com,164,11
12,15,Desktop Window Manager,17,11
12,15,Gmail,98,11
12,15,Google Chrome,14,11
12,15,Windows Explorer,50,11
12,15,eclipse,209,11
12,15,geeksquiz.com,50,11
12,15,mysqlworkbench,1,11
12,15,system idle process,4,11
12,16,Amazon AWS Console,143,11
12,16,Desktop Window Manager,2,11
12,16,Google Chrome,6,11
12,16,Windows Explorer,62,11
12,16,amazon.com,9,11
12,16,aws.amazon.com,57,11
12,16,eclipse,190,11
12,16,gorillavid.in,1,11
12,16,lockapphost,3,11
12,16,mysqlworkbench,686,11
12,16,searchui,3,11
12,16,shellexperiencehost,123,11
12,16,system idle process,3,11
12,16,systemsettings,20,11
12,18,Amazon AWS Console,98,11
12,18,Windows Explorer,6,11
12,18,geeksquiz.com,3,11
12,18,gorillavid.in,233,11
12,18,shellexperiencehost,25,11
12,18,system idle process,113,11
12,18,thewatchseries.to,10,11
12,19,Windows Explorer,155,11
12,19,gorillavid.in,338,11
12,19,rescuetime.com,13,11
13,11,Google Chrome,1,11
13,11,RescueTime,19,11
13,11,Windows Explorer,155,11
13,11,applicationframehost,15,11
13,11,avast.com,17,11
13,11,avast_free_antivirus_setup_online,10,11
13,11,avast_internet_security_setup,13,11
13,11,avastui,8,11
13,11,chrome.google.com,54,11
13,11,credentialuibroker,6,11
13,11,download.cnet.com,17,11
13,11,extensions,14,11
13,11,google.co.in,16,11
13,11,gorillavid.in,4,11
13,11,history,6,11
13,11,instup,6,11
13,11,lockapp,5,11
13,11,openwith,3,11
13,11,rescuetime.com,322,11
13,11,searchui,6,11
13,11,settings,24,11
13,11,shellexperiencehost,26,11
13,11,system idle process,12,11
13,11,systemsettings,62,11
13,11,thewatchseries.to,4,11
13,12,Google Chrome,16,11
13,12,RescueTime,12,11
13,12,avastui,609,11
13,12,lockapp,53,11
13,12,rescuetime.com,381,11
13,12,syntpenh,6,11
13,12,system idle process,57,11
13,13,MS Word,39,11
13,13,Windows Explorer,153,11
13,13,avastui,283,11
13,13,google.co.in,178,11
13,13,jsonformatter.curiousconcept.com,2,11
13,13,lockapphost,5,11
13,13,shellexperiencehost,162,11
13,17,Gmail,226,11
13,17,MS Excel,221,11
13,17,NotePad,85,11
13,17,RescueTime,4,11
13,17,Windows Explorer,213,11
13,17,brackets,422,11
13,17,c:,43,11
13,17,dailyuploads.net,15,11
13,17,dllhost,7,11
13,17,downloads,36,11
13,17,email.nyu.edu,18,11
13,17,get.0191f.info,3,11
13,17,google.co.in,83,11
13,17,google.com,67,11
13,17,hit2k.com,54,11
13,17,i0.wp.com,6,11
13,17,jsonformatter.curiousconcept.com,516,11
13,17,login.microsoftonline.com,9,11
13,17,officec2rclient,8,11
13,17,officeclicktorun,1,11
13,17,onhax.net,98,11
13,17,openwith,90,11
13,17,pisosoft.com,14,11
13,17,portal.office.com,163,11
13,17,products.office.com,17,11
13,17,rescuetime.com,421,11
13,17,searchui,24,11
13,17,shellexperiencehost,18,11
13,17,shibboleth.nyu.edu,3,11
13,17,syntpenh,27,11
13,17,system idle process,1,11
13,17,uploadex.com,12,11
13,17,verified-download.com,21,11
13,17,youtube.com,9,11
13,18,Desktop Window Manager,4,11
13,18,Gmail,30,11
13,18,NotePad,8,11
13,18,PowerPoint,218,11
13,18,Windows Explorer,255,11
13,18,accounts.google.com,13,11
13,18,avastui,168,11
13,18,brackets,2,11
13,18,clview,9,11
13,18,facebook.com,4,11
13,18,firstrun,183,11
13,18,forum.avast.com,14,11
13,18,google.co.in,24,11
13,18,google.com,12,11
13,18,instup,83,11
13,18,login.microsoftonline.com,1,11
13,18,nyu0-my.sharepoint.com,53,11
13,18,officeclicktorun,228,11
13,18,portal.office.com,128,11
13,18,rescuetime.com,12,11
13,18,searchui,54,11
13,18,systemsettings,41,11
13,19,Internet Explorer,3,11
13,19,MS Word,348,11
13,19,Windows Explorer,183,11
13,19,answers.microsoft.com,113,11
13,19,applicationframehost,11,11
13,19,avastui,125,11
13,19,bing.com,3,11
13,19,ccleaner64,1,11
13,19,clview,95,11
13,19,dfsvc,17,11
13,19,firstrun,380,11
13,19,forum.avast.com,17,11
13,19,google.co.in,59,11
13,19,google.com,103,11
13,19,login.microsoftonline.com,11,11
13,19,newtab,89,11
13,19,office365desktopsetup,5,11
13,19,officeclicktorun,59,11
13,19,ohub,14,11
13,19,onenoteim,7,11
13,19,openwith,12,11
13,19,portal.office.com,327,11
13,19,searchui,180,11
13,19,setup_en,8,11
13,19,shellexperiencehost,183,11
13,19,social.msdn.microsoft.com,4,11
13,19,system idle process,25,11
13,19,systemsettings,241,11
13,19,winstore.mobile,55,11
13,20,Desktop Window Manager,3,11
13,20,Gmail,116,11
13,20,MS Word,8,11
13,20,NotePad,12,11
13,20,Windows Explorer,503,11
13,20,Word - Office Online,12,11
13,20,account.activedirectory.windowsazure.com,22,11
13,20,answers.microsoft.com,7,11
13,20,appcrawlr.com,130,11
13,20,applicationframehost,16,11
13,20,avastui,404,11
13,20,ccleaner64,658,11
13,20,ccsetup511pro,27,11
13,20,go.microsoft.com,28,11
13,20,google.com,43,11
13,20,groove,9,11
13,20,howtogeek.com,30,11
13,20,login.microsoftonline.com,1,11
13,20,microsoft.com,30,11
13,20,newtab,4,11
13,20,nyu0-my.sharepoint.com,23,11
13,20,ohub,14,11
13,20,piriform.com,156,11
13,20,portal.office.com,23,11
13,20,shellexperiencehost,115,11
13,20,shibboleth.nyu.edu,3,11
13,20,social.msdn.microsoft.com,12,11
13,20,system idle process,14,11
13,20,systemsettings,249,11
13,20,useraccountbroker,82,11
13,22,Blank Web Browser,20,11
13,22,Windows Explorer,1233,11
13,22,amazon.com,449,11
13,22,appcrawlr.com,3,11
13,22,avastui,20,11
13,22,fragrancenet.com,4,11
13,22,google.co.in,7,11
13,22,google.com,977,11
13,22,gorillavid.in,168,11
13,22,target.com,30,11
13,22,thewatchseries.to,99,11
13,23,3tailer.com,10,11
13,23,Blank Web Browser,3,11
13,23,delhidutyfree.co.in,2,11
13,23,ebay.com,163,11
13,23,fragrancenet.com,420,11
13,23,google.com,516,11
13,23,gorillavid.in,32,11
13,23,newtab,4,11
13,23,overstock.com,230,11
13,23,perfume.org,30,11
13,23,quora.com,10,11
13,23,target.com,162,11
13,23,walgreens.com,155,11
13,23,walmart.com,200,11
14,0,Blank Web Browser,9,11
14,0,Gmail,6,11
14,0,amazon.com,71,11
14,0,delhidutyfree.co.in,366,11
14,0,dfs.com,146,11
14,0,dubaidutyfree.com,8,11
14,0,google.com,421,11
14,0,hyderabaddutyfree.com,207,11
14,0,online.dubaidutyfree.com,179,11
14,0,support.google.com,4,11
14,0,zomato.com,56,11
14,1,amazon.com,750,11
14,1,englishforum.ch,80,11
14,1,fr.wikipedia.org,5,11
14,1,glenfiddich,8,11
14,1,google.com,159,11
14,1,gorillavid.in,171,11
14,1,hyderabad.aero,96,11
14,1,hyderabaddutyfree.com,285,11
14,1,indiabaggagerules.com,146,11
14,1,indiamike.com,88,11
14,1,soli,8,11
14,1,theblackfriday.com,69,11
14,1,thewatchseries.to,154,11
14,1,videoweed.es,109,11
14,2,gorillavid.in,2093,11
14,2,videoweed.es,63,11
14,3,gorillavid.in,1052,11
14,4,gorillavid.in,2353,11
14,5,gorillavid.in,3456,11
14,6,google.com,11,11
14,6,gorillavid.in,1011,11
14,14,1mg.com,250,11
14,14,Blank Web Browser,3,11
14,14,emedicine.medscape.com,18,11
14,14,google.com,983,11
14,14,gorillavid.in,33,11
14,14,healthcaremagic.com,197,11
14,14,ihealthblogger.com,200,11
14,14,nyu.edu,35,11
14,14,shcportal.nyu.edu,238,11
14,14,webmd.com,168,11
14,15,google.com,183,11
14,15,gorillavid.in,3309,11
14,15,thewatchseries.to,108,11
14,16,gorillavid.in,178,11
14,17,Windows Explorer,59,11
14,17,gorillavid.in,1612,11
14,18,gorillavid.in,3575,11
14,19,Gmail,199,11
14,19,Google Chrome,14,11
14,19,Windows Explorer,134,11
14,19,google.co.in,62,11
14,19,google.com,13,11
14,19,gorillavid.in,479,11
14,19,nyu.edu,135,11
14,19,shellexperiencehost,140,11
14,19,thewatchseries.to,30,11
14,20,accounts.google.com,7,11
14,20,google.com,10,11
14,20,gorillavid.in,351,11
14,20,nyu.edu,8,11
14,20,thewatchseries.to,6,11
14,20,youtube.com,255,11
14,21,gorillavid.in,1550,11
14,22,gorillavid.in,2662,11
14,23,gorillavid.in,1747,11
15,0,gorillavid.in,3596,11
15,1,gorillavid.in,3600,11
15,2,Google Documents,16,11
15,2,gorillavid.in,2188,11
15,15,Blank Web Browser,7,11
15,15,Gmail,192,11
15,15,Google Chrome,8,11
15,15,Google Documents - Google Apps,96,11
15,15,Google Documents,1713,11
15,15,Google Presentations - Google Apps,2,11
15,15,Google Presentations,103,11
15,15,MS Word,88,11
15,15,New York Times,133,11
15,15,RescueTime,6,11
15,15,Windows Explorer,34,11
15,15,ccleaner64,8,11
15,15,drive.google.com,47,11
15,15,flowingdata.com,27,11
15,15,getsaga.com,89,11
15,15,google.com,39,11
15,15,gorillavid.in,20,11
15,15,groove,1,11
15,15,library.nyu.edu,7,11
15,15,lockapphost,7,11
15,15,login.library.nyu.edu,5,11
15,15,msosync,6,11
15,15,newclasses.nyu.edu,512,11
15,15,newtab,42,11
15,15,pero,13,11
15,15,rescuetime.com,154,11
15,15,rooms.library.nyu.edu,101,11
15,15,shellexperiencehost,26,11
15,15,shibboleth.nyu.edu,15,11
15,15,system idle process,9,11
15,15,thewatchseries.to,4,11
15,15,vpnui,3,11
15,16,Gmail,67,11
15,16,Google Documents - Google Apps,13,11
15,16,Google Documents,602,11
15,16,Google Presentations,2,11
15,16,MS Excel,429,11
15,16,MS Word,9,11
15,16,NotePad,8,11
15,16,RescueTime,35,11
15,16,Windows Explorer,265,11
15,16,ac.els-cdn.com,7,11
15,16,bl.ocks.org,1,11
15,16,brackets,342,11
15,16,c:,4,11
15,16,clview,2,11
15,16,dllhost,20,11
15,16,downloads,18,11
15,16,flowingdata.com,3,11
15,16,newclasses.nyu.edu,77,11
15,16,openwith,9,11
15,16,rescuetime.com,231,11
15,16,sciencedirect.com,18,11
15,17,Desktop Window Manager,3,11
15,17,Gmail,3,11
15,17,Google Chrome,6,11
15,17,Google Documents,3,11
15,17,MS Excel,179,11
15,17,bl.ocks.org,326,11
15,17,bost.ocks.org,30,11
15,17,d3js.org,138,11
15,17,google.com,180,11
15,17,newtab,9,11
15,17,rescuetime.com,422,11
15,17,square.github.io,10,11
15,18,Blank Web Browser,3,11
15,18,Gmail,83,11
15,18,Google Documents,47,11
15,18,MS Excel,23,11
15,18,MS Word,3,11
15,18,Windows Explorer,84,11
15,18,bl.ocks.org,77,11
15,18,brackets,6,11
15,18,christophermanning.org,266,11
15,18,d3js.org,32,11
15,18,getsaga.com,3,11
15,18,google.com,1,11
15,18,lightshot,27,11
15,18,microsoft.photos,47,11
15,18,newtab,5,11
15,18,rescuetime.com,451,11
15,18,thewatchseries.to,2,11
15,19,Gmail,233,11
15,19,Google Documents,2411,11
15,19,Google Presentations,6,11
15,19,MS Excel,20,11
15,19,MS Word,125,11
15,19,Windows Explorer,73,11
15,19,bl.ocks.org,8,11
15,19,d3js.org,5,11
15,19,discovercard.com,10,11
15,19,email.nyu.edu,3,11
15,19,newclasses.nyu.edu,104,11
15,19,thewatchseries.to,5,11
15,20,Google Documents,1436,11
15,20,MS Word,676,11
15,20,Windows Explorer,36,11
15,20,avastui,4,11
15,20,newclasses.nyu.edu,405,11
15,20,searchui,92,11
15,20,shellexperiencehost,10,11
15,20,systemsettings,10,11
15,21,Adobe Reader,32,11
15,21,Blank Web Browser,5,11
15,21,Gmail,51,11
15,21,Google Documents,1015,11
15,21,MS Word,1406,11
15,21,Windows Explorer,8,11
15,21,email.nyu.edu,6,11
15,21,facebook.com,2,11
15,21,newclasses.nyu.edu,254,11
15,23,Windows Explorer,5,11
15,23,facebook.com,583,11
15,23,fragrancenet.com,9,11
15,23,google.com,20,11
15,23,newtab,9,11
15,23,thewatchseries.to,4,11
16,0,Blank Web Browser,3,11
16,0,Gmail,56,11
16,0,facebook.com,532,11
16,0,google.com/calendar,258,11
16,0,gorillavid.in,105,11
16,0,mysqlinstallerconsole,16,11
16,0,thewatchseries.to,402,11
16,1,Gmail,294,11
16,1,google.com/calendar,35,11
16,1,gorillavid.in,839,11
16,1,mangapanda.com,36,11
16,1,thewatchseries.to,36,11
16,1,watchtvseries.se,20,11
16,2,Gmail,40,11
16,2,Windows Explorer,130,11
16,2,google.com/calendar,69,11
16,2,gorillavid.in,2586,11
16,2,thewatchseries.to,105,11
16,3,admin.portal.nyu.edu,67,11
16,3,gorillavid.in,2425,11
16,12,Google Chrome,8,11
16,12,admin.portal.nyu.edu,969,11
16,12,bl.ocks.org,44,11
16,12,bulletin.engineering.nyu.edu,7,11
16,12,engineering.nyu.edu,50,11
16,12,google.co.in,17,11
16,12,google.com,75,11
16,12,gorillavid.in,3,11
16,12,system idle process,3,11
16,13,admin.portal.nyu.edu,99,11
16,13,gorillavid.in,2360,11
16,13,history,17,11
16,13,newclasses.nyu.edu,118,11
16,13,newtab,4,11
16,13,shibboleth.nyu.edu,5,11
16,13,thewatchseries.to,60,11
16,13,watchseries.to,4,11
16,14,gorillavid.in,1119,11
16,14,thewatchseries.to,18,11
16,15,thewatchseries.to,562,11
16,16,Adobe Reader,128,11
16,16,Blank Web Browser,7,11
16,16,Gmail,338,11
16,16,Google Chrome,3,11
16,16,Google Drive - Google Apps,218,11
16,16,MS Word,35,11
16,16,Windows Explorer,29,11
16,16,admin.portal.nyu.edu,400,11
16,16,amazon.com,99,11
16,16,doodle.com,180,11
16,16,drive.google.com,12,11
16,16,email.nyu.edu,5,11
16,16,fragrancenet.com,1166,11
16,16,google.com,327,11
16,16,groupon.com,26,11
16,16,microsoft.photos,29,11
16,16,newclasses.nyu.edu,175,11
16,16,newtab,8,11
16,16,research.poly.edu,9,11
16,16,shibboleth.nyu.edu,5,11
16,16,support.google.com,19,11
16,16,surveymonkey.com,33,11
16,16,thewatchseries.to,42,11
16,16,windowscamera,296,11
16,17,Adobe Reader,957,11
16,17,Blank Web Browser,6,11
16,17,Windows Explorer,13,11
16,17,adwdiabetes.com,97,11
16,17,amazon.com,1410,11
16,17,costco.com,243,11
16,17,google.com,869,11
16,17,mensfitness.com,1,11
16,18,amazon.com,108,11
16,18,beauty.com,42,11
16,18,google.com,56,11
16,18,gorillavid.in,2,11
16,18,mensfitness.com,201,11
16,21,Google Drive - Google Apps,3,11
16,21,facebook.com,2,11
16,21,gorillavid.in,381,11
16,21,thewatchseries.to,20,11
16,22,Blank Web Browser,6,11
16,22,Gmail,34,11
16,22,email.nyu.edu,3,11
16,22,facebook.com,1449,11
16,22,gorillavid.in,496,11
16,22,newclasses.nyu.edu,4,11
16,22,shellexperiencehost,22,11
16,22,shibboleth.nyu.edu,7,11
16,22,thewatchseries.to,14,11
16,23,Blank Web Browser,3,11
16,23,Google Chrome,31,11
16,23,amazon.com,2068,11
16,23,businessinsider.com,28,11
16,23,facebook.com,603,11
16,23,fragrancenet.com,194,11
16,23,google.com,436,11
16,23,sears.com,49,11
16,23,shellexperiencehost,10,11
16,23,totaldiabetessupply.com,156,11
16,23,tweetmapcloud.elasticbeanstalk.com,19,11
17,0,amazon.com,1022,11
17,0,facebook.com,2,11
17,0,gorillavid.in,54,11
17,0,sears.com,7,11
17,0,thewatchseries.to,2,11
17,1,gorillavid.in,1249,11
17,1,movpod.in,48,11
17,1,thewatchseries.to,52,11
17,2,gorillavid.in,495,11
17,12,Gmail,19,11
17,12,email.nyu.edu,15,11
17,12,google.com/calendar,207,11
17,12,gorillavid.in,1365,11
17,12,sears.com,50,11
17,12,thewatchseries.to,26,11
17,13,d3js.org,217,11
17,13,facebook.com,348,11
17,13,google.com/calendar,18,11
17,13,gorillavid.in,295,11
17,13,newtab,9,11
17,13,thewatchseries.to,90,11
17,14,Blank Web Browser,1,11
17,14,Windows Explorer,6,11
17,14,escapehere.com,60,11
17,14,facebook.com,1050,11
17,14,google.co.in,11,11
17,14,google.com,1148,11
17,14,gorillavid.in,513,11
17,14,msosync,3,11
17,14,newtab,11,11
17,14,seamless.com,587,11
17,14,seamless.extole.com,6,11
17,14,telegraph.co.uk,38,11
17,14,thewatchseries.to,149,11
17,14,watchtvseries.se,15,11
17,15,Blank Web Browser,4,11
17,15,Gmail,62,11
17,15,Windows Explorer,14,11
17,15,gorillavid.in,1325,11
17,15,thewatchseries.to,26,11
17,16,gorillavid.in,224,11
17,16,thewatchseries.to,77,11
17,17,Windows Explorer,33,11
17,17,gorillavid.in,1568,11
17,17,nyu-csm.symplicity.com,185,11
17,17,thewatchseries.to,10,11
17,18,Blank Web Browser,2,11
17,18,Gmail,58,11
17,18,delivery.com,415,11
17,18,facebook.com,71,11
17,18,gorillavid.in,1706,11
17,18,link.delivery.com,4,11
17,18,thewatchseries.to,54,11
17,19,Blank Web Browser,3,11
17,19,Gmail,35,11
17,19,Windows Explorer,2,11
17,19,delivery.com,381,11
17,19,gorillavid.in,291,11
17,20,Windows Explorer,53,11
17,20,gorillavid.in,1426,11
17,20,thewatchseries.to,24,11
17,21,gorillavid.in,913,11
17,21,thewatchseries.to,18,11
17,22,gorillavid.in,762,11
17,23,gorillavid.in,1632,11
18,0,gorillavid.in,1477,11
18,1,gorillavid.in,2172,11
18,2,gorillavid.in,3600,11
18,3,gorillavid.in,2624,11
18,3,novamov.com,134,11
18,3,thewatchseries.to,48,11
18,4,movshare.net,115,11
18,4,novamov.com,771,11
18,4,thewatchseries.to,59,11
18,5,gorillavid.in,1016,11
18,5,movshare.net,1210,11
18,6,Windows Explorer,5,11
18,6,gorillavid.in,2846,11
18,6,movshare.net,682,11
18,6,thewatchseries.to,63,11
18,7,Windows Explorer,207,11
18,7,gorillavid.in,187,11
18,7,movshare.net,78,11
18,7,thewatchseries.to,41,11
18,16,gorillavid.in,106,11
18,16,thewatchseries.to,34,11
18,16,watchtvseries.se,12,11
18,17,gorillavid.in,359,11
18,18,gorillavid.in,189,11
18,19,Windows Explorer,5,11
18,19,google.co.in,5,11
18,19,gorillavid.in,2519,11
18,19,thewatchseries.to,52,11
18,20,gorillavid.in,1441,11
18,21,gorillavid.in,2646,11
18,22,gorillavid.in,202,11
18,22,movshare.net,110,11
18,23,gorillavid.in,2491,11
18,23,movshare.net,584,11
18,23,newclasses.nyu.edu,54,11
19,0,Blank Web Browser,6,11
19,0,Gmail,13,11
19,0,Windows Explorer,14,11
19,0,google.com/calendar,45,11
19,0,gorillavid.in,3,11
19,0,home.nyu.edu,34,11
19,0,mytime.nyu.edu,45,11
19,0,newclasses.nyu.edu,64,11
19,0,searchui,6,11
19,0,shibboleth.nyu.edu,18,11
19,0,thewatchseries.to,55,11
19,0,vpndownloader,7,11
19,0,vpnui,29,11
19,18,facebook.com,7,11
19,18,google.co.in,18,11
19,18,gorillavid.in,209,11
19,18,thewatchseries.to,32,11
19,19,Blank Web Browser,2,11
19,19,facebook.com,714,11
19,19,gorillavid.in,340,11
19,19,newclasses.nyu.edu,5,11
19,19,shibboleth.nyu.edu,3,11
19,19,thewatchseries.to,53,11
19,20,Blank Web Browser,3,11
19,20,allforfashiondesign.com,87,11
19,20,diply.com,472,11
19,20,facebook.com,1496,11
19,20,gorillavid.in,53,11
19,20,healthadvisorgroup.com,38,11
19,20,healthybiofood.com,56,11
19,20,inspiringbeautytips.com,30,11
19,22,Blank Web Browser,3,11
19,22,facebook.com,548,11
19,22,mangapanda.com,22,11
19,22,newclasses.nyu.edu,5,11
19,22,omegle.com,2,11
19,23,Blank Web Browser,4,11
19,23,Google Chrome,4,11
19,23,facebook.com,96,11
19,23,google.com,2,11
19,23,gorillavid.in,2,11
19,23,mangapanda.com,6,11
19,23,newclasses.nyu.edu,3,11
19,23,omegle.com,245,11
19,23,thewatchseries.to,30,11
20,0,betteromegle.co,4,11
20,0,betteromegle.com,9,11
20,0,chatous.com,245,11
20,0,facebook.com,23,11
20,0,gorillavid.in,1104,11
20,0,newtab,25,11
20,0,omegle.com,511,11
20,0,thewatchseries.to,13,11
20,1,gorillavid.in,1759,11
20,2,gorillavid.in,3276,11
20,3,gorillavid.in,2210,11
20,4,gorillavid.in,2560,11
20,4,movshare.net,1040,11
20,5,gorillavid.in,3600,11
20,6,gorillavid.in,2983,11
20,7,gorillavid.in,3296,11
21,6,google.co.in,22,11
21,6,gorillavid.in,381,11
21,6,thewatchseries.to,28,11
21,7,delivery.com,13,11
21,7,gorillavid.in,989,11
21,13,delivery.com,1233,11
21,13,movshare.net,29,11
21,13,thewatchseries.to,11,11
21,14,Windows Explorer,14,11
21,14,delivery.com,140,11
21,14,google.co.in,7,11
21,14,gorillavid.in,1,11
21,14,movshare.net,877,11
21,15,gorillavid.in,829,11
21,16,gorillavid.in,2024,11
21,17,gorillavid.in,3148,11
21,17,thewatchseries.to,20,11
21,18,gorillavid.in,3548,11
21,19,gorillavid.in,84,11
21,20,gorillavid.in,185,11
21,21,gorillavid.in,3600,11
21,22,gorillavid.in,2926,11
21,23,gorillavid.in,1532,11
22,0,gorillavid.in,3124,11
22,1,gorillavid.in,2139,11
22,2,gorillavid.in,731,11
22,3,Google Chrome,12,11
22,3,en.wikipedia.org,75,11
22,3,google.com,20,11
22,3,gorillavid.in,2190,11
22,3,thewatchseries.to,150,11
22,4,gorillavid.in,2007,11
22,5,gorillavid.in,215,11
22,16,gorillavid.in,157,11
22,17,gorillavid.in,2452,11
22,18,gorillavid.in,1692,11
22,19,gorillavid.in,678,11
22,20,animeonhand.com,32,11
22,20,en.wikipedia.org,100,11
22,20,gorillavid.in,510,11
22,20,thewatchseries.to,250,11
22,21,thewatchseries.to,519,11
22,22,thewatchseries.to,1,11
22,23,embedscr.com,335,11
22,23,movierulz.to,14,11
23,0,movierulz.to,754,11
23,1,embedscr.com,1,11
23,1,facebook.com,599,11
23,1,google.com,71,11
23,1,movierulz.to,13,11
23,1,newclasses.nyu.edu,7,11
23,3,amazon.com,13,11
23,3,embedscr.com,303,11
23,3,fullmoviek2.com,28,11
23,3,google.com,7,11
23,3,movie0k.com,48,11
23,3,movierulz.to,17,11
23,4,embedscr.com,306,11
23,15,Blank Web Browser,4,11
23,15,city-data.com,89,11
23,15,embedscr.com,534,11
23,15,embedsr.com,12,11
23,15,google.co.in,5,11
23,15,google.com,10,11
23,15,movierulz.to,97,11
23,15,nowvideo.sx,131,11
23,16,embedscr.com,13,11
23,16,movierulz.to,11,11
23,16,vodlocker.com,4,11
23,17,embedscr.com,5,11
23,17,facebook.com,2,11
23,17,google.com,47,11
23,17,movierulz.to,3,11
23,17,vodlocker.com,93,11
23,18,Amazon AWS Console,107,11
23,18,Blank Web Browser,2,11
23,18,Windows Explorer,12,11
23,18,amazon.com,111,11
23,18,aws.amazon.com,80,11
23,18,delivery.com,1,11
23,18,eclipse,73,11
23,18,facebook.com,824,11
23,18,google.com,562,11
23,18,mommypoppins.com,29,11
23,18,movierulz.to,97,11
23,18,newclasses.nyu.edu,280,11
23,18,newtab,89,11
23,18,portal.aws.amazon.com,5,11
23,18,shibboleth.nyu.edu,4,11
23,19,Amazon AWS Console,7,11
23,19,Blank Web Browser,2,11
23,19,Gmail,102,11
23,19,accounts.google.com,42,11
23,19,actionpark.com,79,11
23,19,amazon.com,660,11
23,19,delivery.com,782,11
23,19,email.nyu.edu,3,11
23,19,facebook.com,387,11
23,19,fodors.com,50,11
23,19,google.com,34,11
23,19,link.delivery.com,11,11
23,19,mcecommerce.com,15,11
23,19,mountaincreek.com,76,11
23,19,mountaincreekbikepark.com,33,11
23,19,oyster.com,1,11
23,19,terrainpark.mountaincreek.com,32,11
23,19,tripadvisor.com,152,11
23,20,Google Chrome,20,11
23,20,boston.com,17,11
23,20,clubgetaway.com,229,11
23,20,coopers,8,11
23,20,delivery.com,4,11
23,20,fodors.com,227,11
23,20,funnewjersey.com,110,11
23,20,google.com,401,11
23,20,newclasses.nyu.edu,9,11
23,20,nymag.com,124,11
23,20,oyster.com,413,11
23,20,rootsrated.com,28,11
23,20,shoo,11,11
23,20,timeout.com,176,11
23,20,tripadvisor.com,178,11
23,20,vacationidea.com,311,11
23,21,bookeo.com,2,11
23,21,delivery.com,267,11
23,21,enterprise.com,543,11
23,21,google.com,45,11
23,21,greatnortherncatskills.com,423,11
23,21,movierulz.to,1,11
23,21,oyster.com,587,11
23,21,quizlet.com,12,11
23,21,roomenigma.com,93,11
23,21,thegrahamandco.com,233,11
23,21,visitthecatskills.com,71,11
23,21,www-154g.bookeo.com,45,11
23,22,delivery.com,125,11
23,22,embedrip.com,145,11
23,22,embedscr.com,10,11
23,22,embedzone.com,3,11
23,22,enterprise.com,28,11
23,22,facebook.com,68,11
23,22,movierulz.to,316,11
23,22,nowvideo.sx,4,11
23,23,Windows Explorer,229,11
23,23,embedrip.com,503,11
23,23,newclasses.nyu.edu,311,11
24,0,Windows Explorer,1,11
24,0,embedrip.com,365,11
24,0,movierulz.to,2,11
24,15,Windows Explorer,180,11
24,15,drive.google.com,4,11
24,15,newclasses.nyu.edu,6,11
24,15,system idle process,14,11
24,16,Gmail,8,11
24,16,MS Excel,5,11
24,16,drive.google.com,77,11
24,16,eclipse,18,11
24,16,system idle process,6,11
24,18,127.0.0.1:51862,20,11
24,18,127.0.0.1:51924,12,11
24,18,Command Prompt,39,11
24,18,Desktop Window Manager,4,11
24,18,Gmail,178,11
24,18,Google Chrome,12,11
24,18,MS Excel,659,11
24,18,NotePad++,25,11
24,18,NotePad,30,11
24,18,Windows Explorer,592,11
24,18,animateddata.co.uk,28,11
24,18,brackets,871,11
24,18,c:,180,11
24,18,charts.animateddata.co.uk,202,11
24,18,datavisualization.fr,10,11
24,18,eclipse,16,11
24,18,github.com,314,11
24,18,google.com,16,11
24,18,groups.google.com,34,11
24,18,gup,3,11
24,18,prcweb.co.uk,12,11
24,18,rescuetime.com,165,11
24,18,searchui,9,11
24,18,system idle process,15,11
24,19,127.0.0.1:51924,595,11
24,19,Google Chrome,43,11
24,19,NotePad,17,11
24,19,Windows Explorer,49,11
24,19,brackets,2299,11
24,19,d3noob.org,24,11
24,19,google.com,163,11
24,19,groups.google.com,73,11
24,19,jasonheppler.org,40,11
24,19,okfnlabs.org,23,11
24,19,stackoverflow.com,113,11
24,19,w3schools.com,153,11
24,20,127.0.0.1:51924,9,11
24,20,brackets,172,11
24,20,google.com,99,11
24,20,onlinemovies.pro,1,11
24,20,stackoverflow.com,119,11
24,20,w3schools.com,5,11
24,22,127.0.0.1:51924,3,11
24,22,adv.videomega.tv,2,11
24,22,brackets,1,11
24,22,download.filmfanatic.com,3,11
24,22,filmon-network.com,2,11
24,22,filmon.com,3,11
24,22,geniusboxmovies.com,4,11
24,22,genvideos.org,52,11
24,22,google.com,221,11
24,22,groups.google.com,28,11
24,22,onclickads.net,1,11
24,22,onlinemovies.pro,287,11
24,22,putlocker.ms,11,11
24,22,youtube.com,60,11
24,22,youtube,3,11
24,23,extensions,7,11
24,23,filmon.com,4,11
24,23,onlinemovies.pro,28,11
24,23,settings,19,11
24,23,youtube.com,4,11
25,0,ad.directrev.com,2,11
25,0,cdviewer,2,11
25,0,onlinemovies.pro,3,11
25,0,youtube.com,217,11
25,1,Blank Web Browser,4,11
25,1,Citrix Client,4,11
25,1,cdviewer,820,11
25,1,eclipse,1,11
25,1,google.co.in,25,11
25,1,newtab,4,11
25,1,vdi.its.nyu.edu,58,11
25,1,vpndownloader,7,11
25,1,vpnui,64,11
25,1,wfcrun32,4,11
25,1,youtube.com,576,11
25,15,Desktop Window Manager,6,11
25,15,Gmail,51,11
25,15,Windows Explorer,153,11
25,15,brackets,26,11
25,15,drive.google.com,90,11
25,15,eclipse,2002,11
25,15,google.co.in,18,11
25,15,localhost:8080,1,11
25,15,mysqlworkbench,192,11
25,15,system idle process,26,11
25,16,Gmail,5,11
25,16,eclipse,1569,11
25,16,google.co.in,5,11
25,16,localhost:8080,1164,11
25,16,mysqlworkbench,15,11
26,1,Gmail,315,11
26,1,Windows Explorer,212,11
26,1,avastui,146,11
26,1,biorobotics.ri.cmu.edu,48,11
26,1,email.nyu.edu,7,11
26,1,google.co.in,144,11
26,1,google.com,104,11
26,1,natureofcode.com,109,11
26,1,shellexperiencehost,29,11
26,1,system idle process,3,11
26,1,youtube.com,28,11
26,15,Desktop Window Manager,13,11
26,15,Gmail,104,11
26,15,animeonhand.com,1,11
26,15,drive.google.com,74,11
26,15,eclipse,58,11
26,15,mysqlworkbench,102,11
26,15,newclasses.nyu.edu,103,11
26,15,searchui,9,11
26,15,shibboleth.nyu.edu,18,11
27,6,amazon.com,3,11
27,6,animeonhand.com,374,11
27,6,google.co.in,70,11
27,6,newclasses.nyu.edu,22,11
27,6,shibboleth.nyu.edu,4,11
27,16,amazon.com,837,11
27,16,genvideos.org,1,11
27,16,google.co.in,21,11
27,16,images-na.ssl-images-amazon.com,4,11
27,16,system idle process,4,11
27,17,amazon.com,16,11
27,17,genvideos.org,118,11
27,17,google.com,7,11
27,20,cinema.solarmovie.ph,56,11
27,20,extensions,6,11
27,20,genvideos.org,235,11
27,20,google.com,41,11
27,20,settings,8,11
27,20,solarmovie.ph,22,11
27,21,solarmovie.ph,710,11
27,22,amazon.com,9,11
27,22,en.wikipedia.org,2,11
27,22,genvideos.org,160,11
27,23,en.wikipedia.org,148,11
27,23,google.com,38,11
27,23,gorillavid.in,57,11
27,23,thewatchseries.to,44,11
28,0,gorillavid.in,70,11
28,1,gorillavid.in,44,11
28,2,gorillavid.in,252,11
28,3,gorillavid.in,1244,11
28,4,gorillavid.in,55,11
28,5,gorillavid.in,1612,11
28,6,gorillavid.in,3342,11
28,7,gorillavid.in,835,11
28,16,Blank Web Browser,9,11
28,16,google.co.in,48,11
28,16,gorillavid.in,201,11
28,16,static.servingit.co,3,11
28,16,systemstimulate.com,21,11
28,16,thevideo.me,35,11
28,16,thewatchseries.to,66,11
28,16,watchtvseries.se,46,11
28,16,youtube.com,24,11
28,17,Windows Explorer,64,11
28,17,carnival.com,99,11
28,17,expedia.com,9,11
28,17,google.com,61,11
28,17,thevideo.me,569,11
28,17,watchtvseries.se,124,11
28,17,youtube.com,2,11
29,0,google.com,74,11
29,0,newtab,37,11
29,0,youtube.com,1525,11
29,1,spacemov.com,7,11
29,1,youtube.com,1224,11
29,3,Blank Web Browser,4,11
29,3,Google Chrome,8,11
29,3,embedscr.com,29,11
29,3,en.wikipedia.org,212,11
29,3,google.com,135,11
29,3,hulu.com,34,11
29,3,movierulz.com,4,11
29,3,movierulz.to,35,11
29,3,spacemov.com,434,11
29,3,watchtvseries.se,35,11
